created_at,user_id,user_email,article_id,key,value
2021-06-03T18:52:43.604Z,138914,joao.dantas@estudante.ifb.edu.br,176370260,included,1
2021-06-03T18:52:53.526Z,138914,joao.dantas@estudante.ifb.edu.br,176370260,included,0
2021-06-03T19:01:11.869Z,138914,joao.dantas@estudante.ifb.edu.br,176370289,included,0
2021-06-03T19:02:16.385Z,138914,joao.dantas@estudante.ifb.edu.br,176370290,included,0
2021-06-03T19:03:23.322Z,138914,joao.dantas@estudante.ifb.edu.br,176370291,included,0
2021-06-03T19:08:47.008Z,138914,joao.dantas@estudante.ifb.edu.br,176370293,included,0
2021-06-03T19:10:07.071Z,138914,joao.dantas@estudante.ifb.edu.br,176370294,included,0
2021-06-03T19:15:52.539Z,138914,joao.dantas@estudante.ifb.edu.br,176370296,included,0
2021-06-03T19:17:29.899Z,138914,joao.dantas@estudante.ifb.edu.br,176370297,included,0
2021-06-03T19:26:49.272Z,138914,joao.dantas@estudante.ifb.edu.br,176370304,included,0
2021-06-03T19:28:14.522Z,138914,joao.dantas@estudante.ifb.edu.br,176370305,included,0
2021-06-03T19:30:13.413Z,138914,joao.dantas@estudante.ifb.edu.br,176370308,included,0
2021-06-03T19:47:41.349Z,138914,joao.dantas@estudante.ifb.edu.br,176370316,included,0
2021-06-03T19:59:46.332Z,138914,joao.dantas@estudante.ifb.edu.br,176370368,included,0
